<form>
	<title>Standard File Updates</title>
	<description></description>
	<objectType>component</objectType>
	<content-type>/component/standardfileupdates</content-type>
	<imageThumbnail></imageThumbnail>
	<quickCreate>false</quickCreate>
	<quickCreatePath></quickCreatePath>
	<properties>		<property>
			<name>display-template</name>
			<label>Display Template</label>
			<value></value>
			<type>template</type>
		</property>
		<property>
			<name>no-template-required</name>
			<label>No Template Required</label>
			<value></value>
			<type>boolean</type>
		</property>
		<property>
			<name>merge-strategy</name>
			<label>Merge Strategy</label>
			<value>inherit-levels</value>
			<type>string</type>
		</property>
	</properties>
	<sections>		<section>
			<title>Standard File Updates Properties</title>
			<description></description>
			<defaultOpen>true</defaultOpen>
			<fields>
				<field>
					<type>auto-filename</type>
					<id>file-name</id>
					<iceId></iceId>
					<title>Component ID</title>
					<description></description>
					<defaultValue></defaultValue>
					<help></help>
					<properties>
						<property>
							<name>size</name>
							<value>50</value>
							<type>int</type>
						</property>
						<property>
							<name>maxlength</name>
							<value>50</value>
							<type>int</type>
						</property>
						<property>
							<name>readonly</name>
							<value></value>
							<type>boolean</type>
						</property>
					</properties>
					<constraints>
					</constraints>
				</field>
				<field>
					<type>input</type>
					<id>internal-name</id>
					<iceId></iceId>
					<title>Internal Name</title>
					<description></description>
					<defaultValue></defaultValue>
					<help></help>
					<properties>
						<property>
							<name>size</name>
							<value>50</value>
							<type>int</type>
						</property>
						<property>
							<name>maxlength</name>
							<value>50</value>
							<type>int</type>
						</property>
					</properties>
					<constraints>
						<constraint>
							<name>required</name>
							<value><![CDATA[true]]></value>
							<type>boolean</type>
						</constraint>
					</constraints>
				</field>
				<field>
					<type>input</type>
					<id>pageTitle_s</id>
					<iceId></iceId>
					<title>Page Title</title>
					<description></description>
					<defaultValue></defaultValue>
					<help></help>
					<properties>
						<property>
							<name>size</name>
							<value>50</value>
							<type>int</type>
						</property>
						<property>
							<name>maxlength</name>
							<value>50</value>
							<type>int</type>
						</property>
						<property>
							<name>readonly</name>
							<value></value>
							<type>boolean</type>
						</property>
						<property>
							<name>tokenize</name>
							<value>false</value>
							<type>boolean</type>
						</property>
						<property>
							<name>escapeContent</name>
							<value>false</value>
							<type>boolean</type>
						</property>
					</properties>
					<constraints>
						<constraint>
							<name>required</name>
							<value><![CDATA[]]></value>
							<type>boolean</type>
						</constraint>
						<constraint>
							<name>pattern</name>
							<value><![CDATA[]]></value>
							<type>string</type>
						</constraint>
					</constraints>
				</field>
				<field>
					<type>node-selector</type>
					<id>popups_o</id>
					<iceId></iceId>
					<title>Popups</title>
					<description></description>
					<defaultValue></defaultValue>
					<help></help>
					<properties>
						<property>
							<name>minSize</name>
							<value></value>
							<type>int</type>
						</property>
						<property>
							<name>maxSize</name>
							<value></value>
							<type>int</type>
						</property>
						<property>
							<name>itemManager</name>
							<value>selectPopup</value>
							<type>datasource:item</type>
						</property>
						<property>
							<name>readonly</name>
							<value></value>
							<type>boolean</type>
						</property>
						<property>
							<name>disableFlattening</name>
							<value></value>
							<type>boolean</type>
						</property>
						<property>
							<name>useSingleValueFilename</name>
							<value></value>
							<type>boolean</type>
						</property>
						<property>
							<name>useMVS</name>
							<value></value>
							<type>boolean</type>
						</property>
					</properties>
					<constraints>
						<constraint>
							<name>allowDuplicates</name>
							<value><![CDATA[]]></value>
							<type>boolean</type>
						</constraint>
					</constraints>
				</field>
				<field>
					<type>repeat</type>
					<id>repeatingGroup_o</id>
					<iceId></iceId>
					<title>Repeating Group</title>
					<description></description>
					<minOccurs>0</minOccurs>
					<maxOccurs>*</maxOccurs>
					<properties>
						<property>
							<name>minOccurs</name>
							<value>0</value>
							<type>string</type>
						</property>
						<property>
							<name>maxOccurs</name>
							<value>*</value>
							<type>string</type>
						</property>
					</properties>
					<fields>
				<field>
					<type>input</type>
					<id>heading_s</id>
					<iceId></iceId>
					<title>Heading</title>
					<description></description>
					<defaultValue></defaultValue>
					<help></help>
					<properties>
						<property>
							<name>size</name>
							<value>50</value>
							<type>int</type>
						</property>
						<property>
							<name>maxlength</name>
							<value>50</value>
							<type>int</type>
						</property>
						<property>
							<name>readonly</name>
							<value></value>
							<type>boolean</type>
						</property>
						<property>
							<name>tokenize</name>
							<value>false</value>
							<type>boolean</type>
						</property>
						<property>
							<name>escapeContent</name>
							<value>false</value>
							<type>boolean</type>
						</property>
					</properties>
					<constraints>
						<constraint>
							<name>required</name>
							<value><![CDATA[]]></value>
							<type>boolean</type>
						</constraint>
						<constraint>
							<name>pattern</name>
							<value><![CDATA[]]></value>
							<type>string</type>
						</constraint>
					</constraints>
				</field>
				<field>
					<type>rte</type>
					<id>description_html</id>
					<iceId></iceId>
					<title>Description</title>
					<description></description>
					<defaultValue></defaultValue>
					<help></help>
					<properties>
						<property>
							<name>width</name>
							<value></value>
							<type>int</type>
						</property>
						<property>
							<name>height</name>
							<value></value>
							<type>int</type>
						</property>
						<property>
							<name>autoGrow</name>
							<value>true</value>
							<type>boolean</type>
						</property>
						<property>
							<name>enableSpellCheck</name>
							<value>true</value>
							<type>boolean</type>
						</property>
						<property>
							<name>forceRootBlockPTag</name>
							<value>true</value>
							<type>boolean</type>
						</property>
						<property>
							<name>forceBRTags</name>
							<value>false</value>
							<type>boolean</type>
						</property>
						<property>
							<name>supportedChannels</name>
							<value></value>
							<type>supportedChannels</type>
						</property>
						<property>
							<name>rteConfiguration</name>
							<value>generic</value>
							<type>string</type>
						</property>
						<property>
							<name>imageManager</name>
							<value>uploadImage,existingImage</value>
							<type>datasource:image</type>
						</property>
						<property>
							<name>videoManager</name>
							<value></value>
							<type>datasource:video</type>
						</property>
						<property>
							<name>fileManager</name>
							<value></value>
							<type>datasource:item</type>
						</property>
					</properties>
					<constraints>
						<constraint>
							<name>required</name>
							<value><![CDATA[]]></value>
							<type>boolean</type>
						</constraint>
					</constraints>
				</field>
				<field>
					<type>node-selector</type>
					<id>affectedFiles_o</id>
					<iceId></iceId>
					<title>Affected File(s)</title>
					<description></description>
					<defaultValue></defaultValue>
					<help></help>
					<properties>
						<property>
							<name>minSize</name>
							<value></value>
							<type>int</type>
						</property>
						<property>
							<name>maxSize</name>
							<value></value>
							<type>int</type>
						</property>
						<property>
							<name>itemManager</name>
							<value>standardFileTile</value>
							<type>datasource:item</type>
						</property>
						<property>
							<name>readonly</name>
							<value></value>
							<type>boolean</type>
						</property>
						<property>
							<name>disableFlattening</name>
							<value></value>
							<type>boolean</type>
						</property>
						<property>
							<name>useSingleValueFilename</name>
							<value></value>
							<type>boolean</type>
						</property>
						<property>
							<name>useMVS</name>
							<value></value>
							<type>boolean</type>
						</property>
					</properties>
					<constraints>
						<constraint>
							<name>allowDuplicates</name>
							<value><![CDATA[]]></value>
							<type>boolean</type>
						</constraint>
					</constraints>
				</field>
				<field>
					<type>date-time</type>
					<id>updateDate_dt</id>
					<iceId></iceId>
					<title>Update Date</title>
					<description></description>
					<defaultValue></defaultValue>
					<help></help>
					<properties>
						<property>
							<name>showDate</name>
							<value>true</value>
							<type>boolean</type>
						</property>
						<property>
							<name>showTime</name>
							<value></value>
							<type>boolean</type>
						</property>
						<property>
							<name>showClear</name>
							<value>false</value>
							<type>boolean</type>
						</property>
						<property>
							<name>showNowLink</name>
							<value>false</value>
							<type>boolean</type>
						</property>
						<property>
							<name>populate</name>
							<value>false</value>
							<type>boolean</type>
						</property>
						<property>
							<name>allowPastDate</name>
							<value>true</value>
							<type>boolean</type>
						</property>
						<property>
							<name>populateDateExp</name>
							<value>now</value>
							<type>string</type>
						</property>
						<property>
							<name>useCustomTimezone</name>
							<value>false</value>
							<type>boolean</type>
						</property>
						<property>
							<name>readonly</name>
							<value></value>
							<type>boolean</type>
						</property>
						<property>
							<name>readonlyEdit</name>
							<value>false</value>
							<type>boolean</type>
						</property>
					</properties>
					<constraints>
						<constraint>
							<name>required</name>
							<value><![CDATA[]]></value>
							<type>boolean</type>
						</constraint>
					</constraints>
					<additionalFields>
						<id>updateDate_dt_tz</id>
					</additionalFields>
				</field>
				<field>
					<type>checkbox</type>
					<id>addDividerLine_b</id>
					<iceId></iceId>
					<title>Add Divider Line</title>
					<description></description>
					<defaultValue></defaultValue>
					<help></help>
					<properties>
						<property>
							<name>readonly</name>
							<value></value>
							<type>boolean</type>
						</property>
					</properties>
					<constraints>
						<constraint>
							<name>required</name>
							<value><![CDATA[]]></value>
							<type>boolean</type>
						</constraint>
					</constraints>
				</field>
				<field>
					<type>node-selector</type>
					<id>changeDocs_o</id>
					<iceId></iceId>
					<title>Change Docs</title>
					<description></description>
					<defaultValue></defaultValue>
					<help></help>
					<properties>
						<property>
							<name>minSize</name>
							<value></value>
							<type>int</type>
						</property>
						<property>
							<name>maxSize</name>
							<value></value>
							<type>int</type>
						</property>
						<property>
							<name>itemManager</name>
							<value>uploadDoc,existingDoc</value>
							<type>datasource:item</type>
						</property>
						<property>
							<name>readonly</name>
							<value></value>
							<type>boolean</type>
						</property>
						<property>
							<name>disableFlattening</name>
							<value></value>
							<type>boolean</type>
						</property>
						<property>
							<name>useSingleValueFilename</name>
							<value></value>
							<type>boolean</type>
						</property>
						<property>
							<name>useMVS</name>
							<value></value>
							<type>boolean</type>
						</property>
					</properties>
					<constraints>
						<constraint>
							<name>allowDuplicates</name>
							<value><![CDATA[]]></value>
							<type>boolean</type>
						</constraint>
					</constraints>
				</field>
					</fields>
				</field>
			</fields>
		</section>
	</sections>
	<datasources>				<datasource>
					<type>shared-content</type>
					<id>selectPopup</id>
					<title>Select Popup</title>
					<interface>item</interface>
					<properties>
						<property>
							<name>enableCreateNew</name>
							<value>true</value>
								<type>boolean</type>
						</property>
						<property>
							<name>enableBrowseExisting</name>
							<value>true</value>
								<type>boolean</type>
						</property>
						<property>
							<name>enableSearchExisting</name>
							<value>false</value>
								<type>boolean</type>
						</property>
						<property>
							<name>repoPath</name>
							<value>/site/items/tiles/catalogpages/2-develop/rest-api/popup</value>
								<type>content-path-input</type>
						</property>
						<property>
							<name>browsePath</name>
							<value>/site/items/tiles/catalogpages/2-develop/rest-api/popup</value>
								<type>content-path-input</type>
						</property>
						<property>
							<name>type</name>
							<value></value>
								<type>string</type>
						</property>
					</properties>
				</datasource>
				<datasource>
					<type>img-desktop-upload</type>
					<id>uploadImage</id>
					<title>Upload Image</title>
					<interface>image</interface>
					<properties>
						<property>
							<name>repoPath</name>
							<value>/static-assets/images/page</value>
								<type>content-path-input</type>
						</property>
					</properties>
				</datasource>
				<datasource>
					<type>img-repository-upload</type>
					<id>existingImage</id>
					<title>Existing Image</title>
					<interface>image</interface>
					<properties>
						<property>
							<name>repoPath</name>
							<value>/static-assets/images/page</value>
								<type>content-path-input</type>
						</property>
						<property>
							<name>useSearch</name>
							<value>false</value>
								<type>boolean</type>
						</property>
					</properties>
				</datasource>
				<datasource>
					<type>shared-content</type>
					<id>standardFileTile</id>
					<title>Standard File Tile</title>
					<interface>item</interface>
					<properties>
						<property>
							<name>enableCreateNew</name>
							<value>true</value>
								<type>boolean</type>
						</property>
						<property>
							<name>enableBrowseExisting</name>
							<value>true</value>
								<type>boolean</type>
						</property>
						<property>
							<name>enableSearchExisting</name>
							<value>false</value>
								<type>boolean</type>
						</property>
						<property>
							<name>repoPath</name>
							<value>/site/items/tiles/catalogpages/2-develop/standard-files</value>
								<type>content-path-input</type>
						</property>
						<property>
							<name>browsePath</name>
							<value>/site/items/tiles/catalogpages/2-develop/standard-files</value>
								<type>content-path-input</type>
						</property>
						<property>
							<name>type</name>
							<value></value>
								<type>string</type>
						</property>
					</properties>
				</datasource>
				<datasource>
					<type>file-desktop-upload</type>
					<id>uploadDoc</id>
					<title>Upload Doc</title>
					<interface>item</interface>
					<properties>
						<property>
							<name>repoPath</name>
							<value>/static-assets/doc</value>
								<type>content-path-input</type>
						</property>
					</properties>
				</datasource>
				<datasource>
					<type>file-browse-repo</type>
					<id>existingDoc</id>
					<title>Existing Doc</title>
					<interface>item</interface>
					<properties>
						<property>
							<name>repoPath</name>
							<value>/static-assets/doc</value>
								<type>content-path-input</type>
						</property>
					</properties>
				</datasource>
	</datasources>
</form>
